{"_timestamp":1.7368816792249968e+09,"_runtime":4.928990698,"_wandb":{"runtime":5},"_step":41,"trainer/global_step":0,"learning_rate":0}