{"_timestamp":1.7368820773307838e+09,"_runtime":6.572593737,"_step":70,"_wandb":{"runtime":6},"trainer/global_step":0,"learning_rate":0}