{"train_loss":2.974684238433838,"_wandb":{"runtime":23},"_timestamp":1.73687814393104e+09,"_step":278,"learning_rate":0,"_runtime":23.272236948,"trainer/global_step":199,"train_acc":0.03125,"epoch":0}