{"learning_rate": 0.0, "_timestamp": 1717492195.0659611, "_runtime": 542.2019801139832, "_step": 51}