{"trainer/global_step":341,"epoch":0,"_runtime":32.472516603,"_step":370,"_wandb":{"runtime":32},"train_loss":2.972820520401001,"val_acc":0.015650741755962372,"val_loss":2.8425049781799316,"learning_rate":1e-06,"_timestamp":1.7368819132028477e+09,"train_acc":0}