{"_timestamp":1.7368831009976277e+09,"_wandb":{"runtime":5},"_runtime":5.554675598,"_step":34,"trainer/global_step":0,"learning_rate":0}