{"_wandb":{"runtime":12},"learning_rate":0,"epoch":0,"_runtime":12.096596997,"_timestamp":1.7367989390715568e+09,"trainer/global_step":99,"_step":137,"train_acc":0.03125,"train_loss":2.9663615226745605}