{"learning_rate": 0.0, "_timestamp": 1717491224.8412626, "_runtime": 17.661667585372925, "_step": 211, "train_loss": 2.9185454845428467, "train_acc": 0.03125, "epoch": 0, "trainer/global_step": 199}